{"cameraMode":{"drawMode":0,"name":"Shaded","section":"Shading Mode"},"sceneLighting":true,"audioPlay":false,"sceneViewState":{"showFog":true,"showMaterialUpdate":false,"showSkybox":true,"showFlares":true,"showImageEffects":true,"showParticleSystems":true},"in2DMode":false,"pivot":{"x":298.00225830078127,"y":503.19659423828127,"z":1336.8323974609375},"rotation":{"x":0.027305899187922479,"y":-0.006001846864819527,"z":0.00016440486069768667,"w":0.9996121525764465},"size":1235.5582275390625,"orthographic":false}